input_int_argv_heapsize,input_int_argv[i]_heapsize,input_isnull_argv[i],input_int_argv[i].strlen,input_isnull_argv,input_addr_argv[i],output_addr_str,output_isnull_str,output_int_buf.strlen,output_int_str.strlen,output_addr_buf,output_int_str_heapsize,output_int_buf.size,reach_code,status_code
1,6281,0,6280,0,0x62300000e100,0x62300000e100,0,0,6280,0x606c80,6281,1024,5,1
3,4329,0,900,0,0x62100001a500,0x62400000e100,0,0,7711,0x606c80,7712,1024,5,1
2,1685,0,453,0,0x61c00000f880,0x61e00000f080,0,0,2533,0x606c80,2534,1024,5,1
3,851,0,72,0,0x61800000fc80,0x61d00001ea80,0,0,2049,0x606c80,2050,1024,5,1
1,2153,0,2152,0,0x61d00001ea80,0x61d00001ea80,0,0,2152,0x606c80,2153,1024,5,1
3,1315,0,658,0,0x61a00001f280,0x60400000dfd0,0,0,41,0x606c80,42,1024,6,0
1,5314,0,5313,0,0x62200001c900,0x62200001c900,0,0,5313,0x606c80,5314,1024,5,1
3,3818,0,1671,0,0x62000000f080,0x62300000e100,0,0,6271,0x606c80,6272,1024,5,1
2,6719,0,1790,0,0x62300000e100,0x62400000e100,0,0,7103,0x606c80,7104,1024,5,1
2,901,0,379,0,0x61900000b480,0x62100001a500,0,0,4643,0x606c80,4644,1024,5,1
